key	start_s	end_s	text
01033a5d7253	0.0	3.672	Ja, Ihre Beschwerden könnten zu einer Migräne passen.
01b86ccb7091	3.672	10.224	Sie haben etwa vier Kilogramm ungewollt abgenommen. Fieber, Übelkeit oder Erbrechen bestehen nicht.
02f4be9b33ed	10.224	13.368	Das können wir im Moment noch nicht sicher sagen.
02f825dfba45	13.368	18.792	Welche davon sinnvoll sind, hängt von der genauen Diagnose und vom Verlauf ab.
02f8c68ae3f4	18.792	24.36	Welche Behandlung notwendig ist, können wir erst nach der Untersuchung besser einschätzen.
036c3a83970a	24.36	27.384	Zunächst würde ich Sie körperlich untersuchen.
04d812330fe2	27.384	29.688	Was führt Sie heute zu mir?
04dce26836b2	29.688	33.336	Sie berichten über zunehmende Schmerzen im unteren Rücken.
05017b244e82	33.336	39.168	Danach entscheiden wir, ob weitere Untersuchungen notwendig sind, zum Beispiel ... oder ...
05945eeb80ab	39.168	44.016	Sicher sagen können wir das aber erst nach der neurologischen Untersuchung.
05a4a36f08f0	44.016	46.176	Außerdem werden wir ... und ...
06627c1252c0	46.176	49.92	Die Beschwerden bestehen seit einem Sturz beim Handballtraining.
06651faaea95	49.92	53.904	Haben Sie Taubheitsgefühle im Genital- oder Gesäßbereich?
08a432122e6c	53.904	58.176	Wie stark sind die Schmerzen auf einer Skala von 0 bis 10?
08e52ecd4b2a	58.176	62.952	Begleitend bestehen Übelkeit sowie Licht- und Geräuschempfindlichkeit.
0abe7bbbc158	62.952	64.32	Das ist möglich.
0acf38572b31	64.32	68.4	Seit zwei Wochen bestehen außerdem leichte Oberbauchschmerzen.
0ad90ec579bd	68.4	72.36	Besteht ein Zusammenhang mit dem Essen oder dem Stuhlgang?
0ae01490d10d	72.36	78.432	Sicher sagen können wir das aber erst nach der Untersuchung und gegebenenfalls einer Bildgebung.
0c1913e8d8a9	78.432	81.456	Brauche ich eine Überweisung zum Orthopäden?
0ca9693212ff	81.456	86.352	Anschließend besprechen wir gemeinsam die Ergebnisse und das weitere Vorgehen.
0dca288b0d8c	86.352	90.384	Wann war die Operation, und gab es Komplikationen?
0e8b961f621e	90.384	92.16	eine eine Magenspiegelung
0f0c1374abbe	92.16	95.184	Ist das Schlucken erschwert oder schmerzhaft?
0f55aec944d8	95.184	98.64	Wir vereinbaren abhängig vom Befund eine Kontrolle.
0fb165e44cfd	98.64	102.744	Ja, Ihre Beschwerden könnten zu COVID-19 passen.
0fe1c1995dd5	102.744	109.68	Wenn sich die Beschwerden verschlechtern oder neue Beschwerden auftreten, sollten Sie sich früher wieder vorstellen.
105296ebb336	109.68	111.744	Muss man das sofort röntgen?
105be26f3fdf	111.744	116.4	Könnte der Stress bei der Arbeit der Auslöser für meine Kopfschmerzen sein?
108fa66724d8	116.4	120.024	Können Sie das betroffene Bein noch bewegen und belasten?
1156218935f6	120.024	126.144	Wegen Ihrer Beschwerden sollten Sie jetzt im Krankenhaus weiter untersucht und behandelt werden.
127f184c396c	126.144	130.392	Gab es einen Unfall, einen Sturz oder eine ungewohnte Belastung?
1320bf10f287	130.392	133.056	Haben Sie ungewollt Gewicht verloren?
134390feb09a	133.056	138.96	Zunächst sollten wir prüfen, ob Ihre Beschwerden überhaupt mit den Tieren zusammenhängen.
13bcf7ea2f4d	138.96	141.552	Welche Untersuchungen sind notwendig?
13d6507f4999	141.552	146.952	Solange der Schwindel deutlich vorhanden ist, sollten Sie zunächst nicht Auto fahren.
146b18080bab	146.952	152.856	Haben Sie Schwierigkeiten ein- oder durchzuschlafen, oder fühlen Sie sich morgens nicht erholt?
1528daad806f	152.856	156.864	Sie berichten über zunehmenden Schwankschwindel seit drei Tagen.
1539e8aff77f	156.864	162.288	Wann treten die Beschwerden typischerweise auf, eher bei Belastung oder auch in Ruhe?
15b931b456c4	162.288	166.296	Sie berichten über wiederkehrende Schmerzen im linken Unterbauch.
163ab5999281	166.296	172.152	In Ruhe besteht keine Atemnot. Bei Belastung geraten Sie jedoch schneller außer Atem.
167beddf9534	172.152	176.376	Sind bei Ihnen chronische oder andere wichtige Erkrankungen bekannt?
16a6b59c0774	176.376	181.176	Welche Medikamente könnten mir bei den starken Kopfschmerzen besser helfen?
17942ed6c7e2	181.176	184.656	Seit drei Tagen haben Sie zusätzlich Halsschmerzen.
1832272a04f4	184.656	188.088	Danach richtet sich, welche Maßnahmen notwendig sind.
18ae12f0c20a	188.088	195.264	Außerdem haben Sie etwa fünf Kilogramm ungewollt abgenommen. Fieber, Übelkeit oder Erbrechen bestehen nicht.
190a349fe2a0	195.264	198.888	Verstärken Husten, Niesen oder Pressen die Schmerzen?
198a1f85722c	198.888	202.344	Sie berichten über starke Schmerzen im linken Knie.
19f5e7aba938	202.344	205.224	Dafür kommen verschiedene Ursachen infrage.
1a7f2bb7ad10	205.224	208.56	Ich erkläre Ihnen jetzt kurz, wie es weitergeht.
1b0dbeef9269	208.56	213.12	Ob Sie arbeiten können, hängt vom Befund und Ihrer Tätigkeit ab.
1b0e2e469c62	213.12	218.784	Ob eine Bildgebung notwendig ist, können wir erst nach der Untersuchung besser einschätzen.
1b9b063391d2	218.784	224.832	Die Schmerzen strahlen bis in den rechten Fuß aus und werden beim Sitzen und Bücken stärker.
1ba38ec17bc2	224.832	226.752	Wird das Asthma chronisch?
1bd4e2a68ad9	226.752	230.352	Taubheitsgefühl oder Kribbeln im Arm bestehen nicht.
1f100f288b72	230.352	236.52	Seh-, Sprach- oder Hörstörungen, Erbrechen, Bewusstseinsverlust oder Fieber bestehen nicht.
1f1f48955daf	236.52	241.536	Sie berichten über trockenen Husten, Fieber und ein starkes Krankheitsgefühl.
1f9b4a19dc82	241.536	245.328	Sie berichten über starke Schmerzen in der rechten Schulter.
2054c3384734	245.328	250.08	Die Beschwerden verstärken sich bei Staubkontakt und in geschlossenen Räumen.
21713743577c	250.08	253.296	Sind Ihre Impfungen vollständig und aktuell?
21fe82d19b30	253.296	256.824	Hatten Sie Schwindel oder sind Sie ohnmächtig geworden?
22241082458b	256.824	262.08	Zusätzlich bestehen Atemnot bei Belastung, Nachtschweiß und verminderter Appetit.
22ef43cbf4cd	262.08	263.904	Was machen Sie beruflich?
2374faa70434	263.904	269.064	Ja, hier wäre vor allem eine Spiegelung von Speiseröhre und Magen wichtig.
23b0bc8f622e	269.064	273.96	Wenn wir Warnzeichen feststellen, würde ich Sie ins Krankenhaus einweisen.
241f2deac20e	273.96	279.312	Dabei können wir die Schleimhaut direkt ansehen und bei Bedarf Gewebeproben entnehmen.
244e70516b0b	279.312	281.16	eine CT-Untersuchung
256dc583d3c6	281.16	288.264	Die genaue Ursache können wir erst nach der Untersuchung und gegebenenfalls weiteren Untersuchungen besser einschätzen.
25b5d9e2f156	288.264	291.048	Sollte ich mich lieber schonen oder bewegen?
26008570a89f	291.048	296.04	Wenn die Beschwerden länger anhalten, können weitere Untersuchungen sinnvoll sein.
263aaee2813a	296.04	303.096	Glauben Sie, dass das etwas mit meinem Herzen zu tun hat? Mein Vater hatte schließlich auch Herzprobleme.
266b315cab47	303.096	307.224	Können die Beschwerden etwas mit der Ernährung zu tun haben?
267b1ab08b1d	307.224	310.152	Das würde ich im Moment noch nicht entscheiden.
280051b279b1	310.152	314.712	Im Moment sollten Sie das Knie zunächst schonen und nicht stark belasten.
28f0a762e9ba	314.712	318.648	Ist das etwas Gefährliches oder geht das von allein weg?
2a9be7879ea5	318.648	323.16	Zusammen mit Ihren anderen Beschwerden müssen wir das dringend abklären.
2ad8ef431e2d	323.16	327.648	Zusätzlich haben Sie zunehmende Schwäche und Atemnot bei Belastung.
2c5b091b4025	327.648	331.272	Ist Sodbrennen vielleicht der Grund für meine Beschwerden?
2c707542967f	331.272	335.688	Sie berichten über leichte, ziehende Schmerzen in der rechten Flanke.
2cdfeaad311d	335.688	342.432	Zusätzlich haben Sie Kopfschmerzen, Müdigkeit sowie einen deutlich verminderten Geruchs- und Geschmackssinn.
2de26f1fc18d	342.432	346.656	Ja, Ihre Beschwerden könnten auch zu einer Depression passen.
2df89b9a9dd2	346.656	350.424	Muss ich mich krankmelden oder könnte ich auch weiterarbeiten?
2e302bcc75a6	350.424	352.896	Wie lange halten die Brustschmerzen an?
2e78b6353d1d	352.896	357.696	Begleitend haben Sie Belastungsatemnot, jedoch keine Beschwerden in Ruhe.
2f5ecce31cea	357.696	361.392	Haben Sie Atemnot oder starke Benommenheit bemerkt?
2fa4ccb6178d	361.392	365.856	Da sie bei Ihnen besonders stark ist, sollten wir sie genauer abklären.
32560504f94c	365.856	368.064	Kann das eine Magenblutung sein?
32bcfbe68c07	368.064	371.4	Gibt es spezielle Tests, die man machen sollte?
33e5dc7b033d	371.4	375.48	Zunächst würde ich Sie körperlich und neurologisch untersuchen.
34106aba073f	375.48	378.72	Blut im Stuhl sollte genauer abgeklärt werden.
355b4aaac62f	378.72	381.456	Ist das betroffene Bein kalt oder blass?
36ad97a098a3	381.456	385.656	Sind die Schmerzen dauerhaft oder treten sie anfallsweise auf?
38a9a5fada90	385.656	390.144	Kann es sein, dass ich Migräne habe? Wie kann man das genau feststellen?
3a82b945900e	390.144	394.824	Haben Sie Kribbeln, Taubheitsgefühle oder einen Kraftverlust bemerkt?
3b36e26e397a	394.824	397.608	Brauche ich eine Röntgenuntersuchung der Lunge?
3bc0932052f3	397.608	404.64	Bis wir wissen, was genau verletzt ist, sollten Sie den Arm zunächst schonen und starke Bewegungen vermeiden.
3bc4c2a2c169	404.64	407.28	Vielen Dank für die Informationen.
3c25d6d17026	407.28	410.976	Sind bei Ihnen Allergien oder Unverträglichkeiten bekannt?
3c4a862ddfda	410.976	414.216	Sie berichten über Schmerzen im linken Unterbauch.
3e0839994c55	414.216	419.544	Ob eine Bandage oder Schiene sinnvoll ist, entscheiden wir erst nach der Untersuchung.
3eaea6923770	419.544	422.664	Besteht die Gefahr, dass etwas gebrochen ist?
3f1a29974cdd	422.664	426.888	Welche Medikamente nehmen Sie regelmäßig oder bei Bedarf ein?
4022f43a037a	426.888	432.96	Sicher sagen können wir das aber erst nach der Untersuchung und einer Lungenfunktionsprüfung.
40b26bfd5596	432.96	435.72	Strahlen die Schmerzen irgendwohin aus?
4132a97cfadc	435.72	439.224	Wie alt sind Sie beziehungsweise wann sind Sie geboren?
418f7e0024f9	439.224	441.96	Zunächst würde ich Ihr Knie untersuchen.
41923c958603	441.96	446.592	Wenn wir die Diagnose haben, können wir die passende Behandlung festlegen.
4316eedcf70a	446.592	449.664	Verschlucken Sie sich beim Essen oder Trinken?
434cb6d03ac2	449.664	453.024	Hatten Sie solche Beschwerden früher schon einmal?
442913ac2a41	453.024	458.4	Es kann verschiedene Ursachen haben, deshalb sind weitere Untersuchungen notwendig.
4457592ce465	458.4	461.448	Bei Ihren Beschwerden kann ein Test sinnvoll sein.
44d4a5cda60e	461.448	467.256	Das hängt von den aktuell geltenden Regelungen und gegebenenfalls von Ihrem Arbeitsplatz ab.
45946ec341bd	467.256	472.488	Zusätzlich haben Sie Konzentrationsprobleme, Schlafstörungen und innere Unruhe.
45e2f551499c	472.488	477.024	Das lässt sich mit einer einzelnen Untersuchung nicht sicher ausschließen.
46587f8ae2a8	477.024	482.424	Gibt es Möglichkeiten, um die Kopfschmerzattacken seltener auftreten zu lassen?
4689bf909956	482.424	486.648	Können Stress oder meine Ernährung solche Symptome hervorrufen?
46dd59e90426	486.648	488.088	eine Darmspiegelung
46ed4d5aade2	488.088	492.696	Ist es normal, in meinem Alter plötzlich so müde und schwach zu sein?
473699dbc1d5	492.696	494.928	Ist die Stelle sichtbar verformt?
4795780a5dc1	494.928	497.52	Könnte das auch eine Depression sein?
494a0c2cba87	497.52	503.592	Begleitend bestehen leichtes Fieber, Übelkeit, Appetitlosigkeit und wechselnder Stuhlgang.
494a75ea1d9a	503.592	508.848	Darf ich mich denn überhaupt noch belasten oder ist Sport jetzt gefährlich für mich?
49dafc2136a3	508.848	510.312	Haben Sie Kinder?
4a6cb3b08e8a	510.312	515.136	Die Beschwerden bestehen seit vier Monaten und haben zuletzt zugenommen.
4a77f3327484	515.136	517.488	Könnte das etwas Ernstes sein?
4af9d95d866f	517.488	520.128	Muss ich zum Röntgen oder MRT?
4b2cc0b9be93	520.128	524.808	Die Schulter ist leicht geschwollen und deutlich in der Bewegung eingeschränkt.
4b4f8aa8f852	524.808	530.616	Solange Sie Fieber haben oder sich deutlich krank fühlen, sollten Sie auf Sport verzichten.
4b8f25a87b7c	530.616	534.144	Sind die Kopfschmerzen einseitig oder beidseitig?
4bfccf53fdac	534.144	538.32	Sie berichten über diffuse Bauchschmerzen, vor allem im Oberbauch.
4c7d73b85d5a	538.32	542.76	Könnte das auch vom Rücken kommen? Ich sitze viel am Schreibtisch.
4c94693b9975	542.76	547.392	Ja, Ihre Beschwerden könnten zu einer Ausrenkung der Schulter passen.
4d9653b1fbf5	547.392	551.616	Warum bin ich ständig müde, obwohl ich ausreichend schlafe?
4d96e76d22e5	551.616	555.336	Muss ich wegen der Beschwerden mit dem Rauchen aufhören?
4e861a9b6a74	555.336	557.688	Seit wann bestehen die Beschwerden?
4ed02d979a35	557.688	562.824	Dafür sind die genaue Art des Schwindels und mögliche Begleitbeschwerden wichtig.
4f4e410d3404	562.824	566.304	Eine vollständige Bettruhe ist normalerweise nicht sinnvoll.
509e5eec743f	566.304	570.408	Nach den weiteren Untersuchungen können wir das besser einschätzen.
52a99186bdbf	570.408	572.808	Wie groß und wie schwer sind Sie?
5364afcc8763	572.808	578.208	Dann würde ich Ihnen jetzt gerne einige Fragen zu Ihrer medizinischen Vorgeschichte stellen.
538287263edb	578.208	582.936	Fieber, Erbrechen, Blut im Stuhl oder Gewichtsverlust bestehen nicht.
540ec33f96cd	582.936	585.384	Haben Sie dazu noch Fragen?
5419d84c546e	585.384	589.68	Fieber, Übelkeit, Erbrechen oder Blut im Urin bestehen nicht.
546df65e4efb	589.68	593.112	Glauben Sie, dass ich Covid-19 haben könnte?
54ad338bb225	593.112	595.032	eine MRT-Untersuchung
555f8fc2c3c3	595.032	598.584	Sollte ich das Knie bandagieren oder lieber ruhig halten?
55e30dfa822b	598.584	602.376	Soll ich jetzt viel trinken oder eher vorsichtig sein?
5719fe811574	602.376	608.232	Unabhängig von der endgültigen Diagnose wäre es sinnvoll, mit dem Rauchen aufzuhören.
57cd2f133098	608.232	611.616	Ja, dafür gibt es verschiedene Möglichkeiten.
58235183be2f	611.616	617.664	Mit einer Blutuntersuchung können wir manche Ursachen erkennen, aber nicht jede Ursache von Schwindel.
5863322b9eef	617.664	622.368	Sind die Schmerzen eher dumpf, stechend, brennend oder krampfartig?
587bcc23a620	622.368	627.168	Danach entscheiden wir, ob ein Röntgenbild oder ein MRT notwendig ist.
591c7a5564fa	627.168	633.312	Die Beschwerden bestehen seit drei Tagen, nehmen zu und strahlen teilweise in den Rücken aus.
596614291f97	633.312	636.936	Können Sie den betroffenen Arm noch bewegen und belasten?
5a0af23f59f2	636.936	639.0	Kommt das vom Ibuprofen?
5b10b1e049e5	639.0	642.888	Sie berichten über zunehmende Erschöpfung seit drei Monaten.
5b282212a303	642.888	646.392	Haben die Beschwerden plötzlich oder allmählich begonnen?
5b3efa0f4ad6	646.392	648.48	eine Urinprobe untersuchen
5c472de83654	648.48	652.968	Gibt es etwas, was ich bei der Ernährung unbedingt vermeiden sollte?
5c7da407988f	652.968	657.096	Danach können wir besser einschätzen, welche Belastung sinnvoll ist.
5d4f8f025fab	657.096	660.768	Gibt es jemanden, der Sie bei Bedarf unterstützen kann?
5e442355244c	660.768	664.464	Kann ich weiterhin Auto fahren und zur Arbeit gehen?
5ecaa0a6b94e	664.464	669.936	Zusätzlich treten nächtliche Hustenanfälle und gelegentliche Belastungsatemnot auf.
5f01b99e3958	669.936	672.48	Wurden Sie schon einmal operiert?
5fa7009b2c59	672.48	676.824	Können Sie flach liegen, oder wachen Sie nachts wegen Luftnot auf?
5fed0bc5ee76	676.824	680.856	Haben Sie Seh-, Gefühls- oder Sprachstörungen bemerkt?
6040bae20b72	680.856	687.192	Wie zuverlässig das Ergebnis ist, hängt von der Testmethode und vom Zeitpunkt der Testung ab.
604b3c6ab1aa	687.192	692.232	Haben Sie noch weitere Beschwerden oder etwas anderes Wichtiges bemerkt?
608c4e91b487	692.232	697.56	Sicher sagen können wir das aber erst nach der Untersuchung und einem Röntgenbild.
614d20f60bc9	697.56	702.792	Ja, Ihre Beschwerden könnten zu einer Blutung im oberen Verdauungstrakt passen.
61c8cc2366ad	702.792	705.48	Damit sind wir mit den Fragen durch.
61ee961d3deb	705.48	709.8	Sie berichten über starke Erschöpfung seit fünf bis sechs Tagen.
622dcce9c427	709.8	714.24	Taubheitsgefühl, Fieber oder sichtbare Blutergüsse bestehen nicht.
6248495402a9	714.24	717.24	Sind Sie sicher, dass das kein Krebs ist?
628899b1c423	717.24	721.752	Haben Sie Doppelbilder, Lähmungen oder eine Bewusstseinsstörung bemerkt?
63b33a6e91f4	721.752	724.848	Sollte ich ein MRT vom Kopf machen lassen?
63e93b2a94bf	724.848	726.72	eine Ultraschalluntersuchung
648851b18935	726.72	732.648	Habe ich das so richtig verstanden, oder möchten Sie noch etwas ergänzen oder korrigieren?
6498daebbe19	732.648	733.992	Blut abnehmen
660bb2f6cfd2	733.992	741.672	Zusätzlich haben Sie Kribbeln und ein Schwächegefühl im rechten Bein. Eine Stuhl- oder Harninkontinenz besteht nicht.
66880aba08e7	741.672	744.672	In Ruhe verschwinden sie nach wenigen Minuten.
676e89ad044e	744.672	748.56	Haben Sie Fieber gemessen, und wie hoch war die Temperatur?
688933ad69b4	748.56	750.888	Wie lautet Ihr vollständiger Name?
6a4f67189e1a	750.888	753.672	Haben Sie Schwellungen an den Beinen bemerkt?
6b9d6408b673	753.672	757.8	Wenn wir die Diagnose haben, können wir das besser einschätzen.
6c88ef3f94e9	757.8	760.488	Ist der betroffene Arm kalt oder blass?
6cd490c24c71	760.488	764.424	Seit wann besteht die Erkrankung, und wie wird sie behandelt?
6d3c435d377b	764.424	772.152	Ibuprofen kann die Magenschleimhaut schädigen und Blutungen begünstigen, die genaue Ursache müssen wir aber noch abklären.
6d48f4ab8aee	772.152	774.768	Brauche ich ein Spray für den Notfall?
6d67ef82deee	774.768	778.416	Die Beschwerden bestehen seit einer Verdrehung beim Badminton.
6d6b8eb350e4	778.416	781.08	Muss ich mit einer Operation rechnen?
6f4ea6329262	781.08	785.688	Zunächst würde ich Sie körperlich untersuchen und ein EKG schreiben.
6f6995b11504	785.688	789.912	Wird der Schwindel durch Aufstehen oder Kopfbewegungen ausgelöst?
714b539728d4	789.912	792.6	Können Sie Ihren Speichel normal schlucken?
71ddb8fe0fa4	792.6	795.96	Sie berichten über Druck und Enge hinter dem Brustbein.
71e318eb521b	795.96	797.784	Trinken Sie Alkohol?
720f438cecff	797.784	802.128	Guten Tag. Mein Name ist Temiz und ich bin Allgemeinarzt.
723205ee69ce	802.128	807.216	Zunächst waren nur feste Speisen betroffen, inzwischen auch Flüssigkeiten.
7239660bd7aa	807.216	813.0	Könnte das mit dem Rauchen zusammenhängen? Sollte ich jetzt mit dem Rauchen aufhören?
72883a8c1335	813.0	818.04	Wann Sie wieder Sport machen können, hängt vom Verlauf und vom Befund ab.
72bfc047a6ea	818.04	822.6	Welche Untersuchungen sind notwendig, um die Ursache festzustellen?
73b481a26365	822.6	825.024	Muss ich meine Meerschweinchen abgeben?
742bd0d8177e	825.024	828.264	Soll ich den Arm lieber ruhigstellen oder bewegen?
75d308e258f9	828.264	831.528	Sind in Ihrer Familie bestimmte Erkrankungen bekannt?
75db28ab05ae	831.528	835.944	Bei Ihren aktuellen Beschwerden ist eine Krankschreibung zunächst sinnvoll.
76ea142d53b2	835.944	837.984	Wie häufig und wie viel?
76f5a5e22ccd	837.984	841.824	Haben Sie Blut erbrochen oder ungewollt Gewicht verloren?
790839bd5f82	841.824	849.24	Die Attacken treten seit drei Monaten etwa zweimal im Monat auf und dauern vier bis 24 Stunden.
7924a5216824	849.24	854.928	Ob eine Überweisung notwendig ist, können wir erst nach der Untersuchung besser einschätzen.
7954827bceb2	854.928	858.36	Ja, Ihre Beschwerden könnten zu Asthma passen.
7be1b981c450	858.36	865.272	Ob eine Operation notwendig ist, können wir erst nach der Untersuchung und Bildgebung besser einschätzen.
7bfa4aae168b	865.272	870.6	Haben Sie Blut erbrochen, schwarzen Stuhl oder frisches Blut im Stuhl bemerkt?
7d77b399bb16	870.6	872.352	Rauchen Sie Frau Müller?
7db3ae82500b	872.352	875.856	Wie gefährlich ist es, wenn mein Bein manchmal kribbelt?
7e9a8f3f7690	875.856	879.672	Was kann ich tun, um wieder leistungsfähiger zu werden?
7f50a9608e88	879.672	885.816	Je nach Befund können weitere Untersuchungen, zum Beispiel eine Darmspiegelung, notwendig sein.
7f546070e4a4	885.816	890.28	Erschöpfung kann bei einem Infekt unterschiedlich stark ausgeprägt sein.
81b36e979248	890.28	892.584	Hat sich der Harnstrahl verändert?
82bc94832807	892.584	894.696	Kann das wirklich Asthma sein?
82c212c47520	894.696	898.392	Seit vier Wochen haben Sie außerdem Blut im Auswurf.
82c247496271	898.392	903.0	Muss ich eventuell operiert werden, oder geht das von allein weg?
835b7a24601f	903.0	906.48	Sollte ich vielleicht doch eine Darmspiegelung machen lassen?
83aa59e8de43	906.48	909.888	Blut im Auswurf sollte genauer abgeklärt werden.
84006a702379	909.888	914.088	Zusätzlich würde ich Sie körperlich und neurologisch untersuchen.
843c5f8d83ca	914.088	919.776	Mit einer Blutuntersuchung können wir zum Beispiel prüfen, ob eine Blutarmut vorliegt.
843e8fdb645d	919.776	922.752	Was könnten diese Bauchschmerzen verursachen?
844a4c00af76	922.752	927.744	Nach der Untersuchung kann ich Ihnen genauer sagen, wie viel Sie trinken sollten.
84c6e7f315c1	927.744	930.36	Haben Sie Durchfall oder Verstopfung?
84dd744bda33	930.36	933.648	Besteht aktuell die Möglichkeit einer Schwangerschaft?
8508dff6fadd	933.648	939.048	Die Beschwerden treten besonders beim Aufstehen, Gehen und Drehen des Kopfes auf.
868b5e7e87c8	939.048	942.384	Muss ich in Quarantäne, wenn ich positiv bin?
8713c669c46b	942.384	947.808	Könnten meine Beschwerden etwas mit der alten Dengue-Infektion zu tun haben?
873de1cb0bff	947.808	954.504	Heute haben Sie zweimal erbrochen. Zuletzt waren vermutlich kaffeesatzartige Beimengungen vorhanden.
8844d74c5f30	954.504	957.888	Ist die Stelle geschwollen, gerötet oder überwärmt?
8a0c84d3ae68	957.888	961.608	Bin ich arbeitsfähig oder sollte ich mich krankschreiben lassen?
8a3d6e52e531	961.608	965.64	Sind die Beschwerden seitdem besser, schlimmer oder gleich geblieben?
8a8153da5408	965.64	967.776	Kann da etwas gebrochen sein?
8aff1478bbcf	967.776	972.72	Brauche ich eine spezielle Untersuchung, z. B. Ultraschall?
8ce25de055d6	972.72	974.208	Bin ich ansteckend?
8d2e617e727e	974.208	979.704	Die Beschwerden bestehen seit vier Tagen, nehmen zu und sind dauerhaft vorhanden.
8d30ff9c8482	979.704	984.48	Ja, Ihre Beschwerden könnten zu einer stressbedingten Erschöpfung passen.
8e4cb03b0bc2	984.48	986.544	eine Stuhlprobe untersuchen
8efc636d5ea4	986.544	989.64	Welche Untersuchungen kommen jetzt auf mich zu?
8f26f369bca2	989.64	994.416	Kann der aktuelle Infekt mit meiner früheren Dengue-Erkrankung zusammenhängen?
8f6f4322c87d	994.416	997.824	Wie lange dauert es, bis ich wieder Sport machen kann?
9050435a1eaa	997.824	1000.344	eine Ultraschalluntersuchung durchführen
90894f4278db	1000.344	1005.216	Wie es bei Ihnen verläuft, können wir im weiteren Verlauf besser einschätzen.
932cb797e3e0	1005.216	1009.608	Gewichtsverlust, Nachtschweiß oder blutiger Auswurf bestehen nicht.
93c6eb310c48	1009.608	1011.792	Kann das von den Nieren kommen?
94564984583f	1011.792	1015.08	Welche Zehen sind von den Beschwerden betroffen?
94e95af5a14c	1015.08	1019.16	Das Knie ist deutlich geschwollen, instabil und kaum belastbar.
95bc4f11a674	1019.16	1023.216	Wie schlafen Sie, und fühlen Sie sich nach dem Schlaf erholt?
96369f019afa	1023.216	1026.528	Haben Sie Husten, Halsschmerzen oder Schnupfen?
97d918345786	1026.528	1029.24	Muss ich jetzt dringend ins Krankenhaus?
9a590cf13ce2	1029.24	1035.312	Um herauszufinden, was genau bei Ihnen vorliegt, werde ich Sie nun körperlich untersuchen.
9a8e609a8ace	1035.312	1039.104	Ja, bei Ihren Beschwerden ist eine Darmspiegelung sinnvoll.
9adf23e1f8ae	1039.104	1042.848	Sie berichten über Husten und Brustenge seit drei Monaten.
9b3ec0ad8afb	1042.848	1044.504	Kann es Krebs sein?
9b5f680df895	1044.504	1047.288	Ist Ihnen übel, oder mussten Sie erbrechen?
9b77344f6b1c	1047.288	1051.752	Sollte man meine Belastbarkeit oder das Immunsystem genauer untersuchen?
9b7e22dd6a10	1051.752	1055.688	Ja, Ihre Beschwerden könnten zu einem Knochenbruch passen.
9c9f83b91a6e	1055.688	1061.112	Wie sich die Beschwerden entwickeln, hängt von der genauen Ursache und vom Befund ab.
9cb3467614ee	1061.112	1065.888	Muss ich ins Krankenhaus oder reicht eine Untersuchung in der Praxis aus?
9d18b8fc399d	1065.888	1071.024	Warum bin ich diesmal so extrem erschöpft, obwohl es nur ein Infekt ist?
9d42b2b4c5f1	1071.024	1075.152	Ja, Ihre Beschwerden könnten von einer Herzerkrankung kommen.
9d4c3e264fff	1075.152	1081.848	Ich würde jetzt noch einmal einige Punkte genauer durchgehen, damit uns keine wichtigen Details entgehen.
9f3117cc5dbe	1081.848	1085.208	Handelt es sich eher um Dreh- oder Schwankschwindel?
9f701beb9fc4	1085.208	1087.128	Das hängt vom Befund ab.
9fc51b0ed701	1087.128	1092.912	Solange Sie Ihr Bein nicht sicher kontrollieren können, sollten Sie zunächst nicht Auto fahren.
a0325d40c922	1092.912	1099.44	Sicher sagen können wir das aber erst nach der Untersuchung und gegebenenfalls weiteren Untersuchungen.
a04d62c4649f	1099.44	1103.832	Haben Sie etwas gegen die Beschwerden eingenommen oder unternommen?
a0b4d60e5469	1103.832	1108.32	Könnten meine Beschwerden etwas mit meiner Ernährung zu tun haben?
a1e0fe7d45eb	1108.32	1109.688	ein Röntgenbild
a1eaaaafa4d1	1109.688	1113.192	Haben Sie Herzrasen oder Herzstolpern bemerkt?
a27552d97c18	1113.192	1119.552	Zusätzlich bestehen Schmerzen hinter dem Brustbein, Hochkommen von Nahrung und Husten beim Essen.
a3e643841cc0	1119.552	1121.832	Ist meine Schulter ausgekugelt?
a43be8692d78	1121.832	1127.88	Zusätzlich haben Sie häufigeren Harndrang, Brennen beim Wasserlassen und einen schwachen Harnstrahl.
a65fb31eb346	1127.88	1133.256	Gibt es eine Untersuchung, mit der man genau herausfinden kann, was da los ist?
a68161f8fe9a	1133.256	1138.704	Zunächst würde ich Ihre Lunge untersuchen und eine Lungenfunktionsprüfung durchführen.
a707e6f27e38	1138.704	1141.272	Sollte ich zu einem Neurologen gehen?
a72bc37374bc	1141.272	1147.176	Ihre Beschwerden können verschiedene Ursachen haben, deshalb sollten wir sie genauer untersuchen.
a7cc7189ab48	1147.176	1150.44	Wie lange dauert es, bis ich mich wieder besser fühle?
a80e7df80e4e	1150.44	1152.816	Haben Sie Blut im Urin bemerkt?
a89617cdc6a5	1152.816	1158.048	Damit können wir den Darm direkt beurteilen und bei Bedarf Gewebeproben entnehmen.
a97b56c57464	1158.048	1164.024	Ob ein Zusammenhang besteht, können wir erst nach der weiteren Abklärung besser einschätzen.
a98b241adf76	1164.024	1166.592	Fühlen Sie sich häufig niedergeschlagen?
aa8dec9262e8	1166.592	1170.216	Muss man das operieren oder geht es auch ohne OP?
aa99f0b7dff4	1170.216	1175.496	Wie lange könnte es dauern, bis ich wieder fitter bin und weniger Atemprobleme habe?
ab93d3adbb7c	1175.496	1179.936	Sie berichten über trockenen Husten und Brustenge seit mehreren Wochen.
ab972c9e739c	1179.936	1182.24	Wann darf ich wieder joggen gehen?
ac3b1e1f581f	1182.24	1186.56	Danach können wir besser einschätzen, wie viel Bewegung sinnvoll ist.
ac75f1e6ee61	1186.56	1189.488	Was verstärkt oder lindert die Schmerzen?
acdd69ef965b	1189.488	1193.304	Die Beschwerden bestehen seit vier Tagen und nehmen zu.
acf858029ec6	1193.304	1196.472	Muss ich mir Sorgen machen, dass sich das verschlimmert?
ad2de78f480e	1196.472	1201.248	Eine neu aufgetretene ausgeprägte Müdigkeit sollte abgeklärt werden.
adca5bbb2776	1201.248	1202.976	Kennen Sie die Dosierung?
add8a2b467e4	1202.976	1208.136	Die Beschwerden bestehen seit dem Heben eines schweren Gegenstands vor zwei Wochen.
af665168e4f5	1208.136	1211.808	Sollte ich mir Sorgen wegen des Blutes im Auswurf machen?
afb9b37f185b	1211.808	1215.936	Wann sollte ich mich wieder vorstellen, falls es nicht besser wird?
b061da502828	1215.936	1218.312	Wo genau spüren Sie die Schmerzen?
b0d4847c49c3	1218.312	1219.128	Ja.
b10abefbd625	1219.128	1224.552	Deshalb würde ich die Kraft, das Gefühl und die Reflexe in Ihrem Bein untersuchen.
b2db43ff1e67	1224.552	1229.616	Die Beschwerden treten seit drei Monaten wiederholt bei körperlicher Belastung auf.
b34593b74afe	1229.616	1233.12	Ist Ihr Bauch ungewöhnlich hart oder druckempfindlich?
b394cea15ecc	1233.12	1236.672	Soll ich für die nächsten Tage krankgeschrieben werden?
b426cbe17e85	1236.672	1242.984	Bevor ich weitere Fragen stelle, möchte ich kurz zusammenfassen, was ich bisher verstanden habe.
b444d60b2ac6	1242.984	1249.2	Bis wir die Ursache der Beschwerden geklärt haben, sollten Sie starke körperliche Belastungen vermeiden.
b4a60731e953	1249.2	1252.248	Blut im Stuhl oder Erbrechen bestehen nicht.
b554323e7a94	1252.248	1256.76	Das ist möglich, aber das können wir im Moment noch nicht sicher sagen.
b6cb4c264aad	1256.76	1259.544	Welche Untersuchungen werden durchgeführt?
b6ec7b697521	1259.544	1263.6	Sie berichten über zunehmende Schluckbeschwerden seit sechs Wochen.
b7105c3e6f42	1263.6	1266.36	Sind Sie licht- oder geräuschempfindlich?
b8005e8a5e2b	1266.36	1269.864	Wie stark beeinträchtigt Sie die Erschöpfung im Alltag?
b85c8280f56b	1269.864	1274.136	Sie sollten in Bewegung bleiben, soweit es die Schmerzen zulassen.
ba215a2a401b	1274.136	1277.208	Hatten Sie Kontakt zu erkrankten Personen?
ba41b98681d0	1277.208	1283.856	Begleitend bestehen Herzklopfen, Kopfdruck, unspezifische Schmerzen und verminderter Appetit.
ba44110639da	1283.856	1289.16	Ja, ein Ultraschall der Nieren und Harnwege ist eine sinnvolle erste Untersuchung.
ba542fb1cc86	1289.16	1294.344	Treten die Beschwerden nur bei festen Speisen oder auch bei Flüssigkeiten auf?
ba9717e1edc0	1294.344	1298.376	Bei Frauen im gebärfähigen Alter würde ich noch kurz fragen:
bc3fd2238581	1298.376	1301.952	Nehmen Sie andere Substanzen oder Drogen zu sich?
bcc56a0a9d16	1301.952	1308.552	Sie haben etwa drei Kilogramm abgenommen. Fieber oder andere akute Infektzeichen bestehen nicht.
bd8bdbe48e2c	1308.552	1310.856	Wie äußert sich die Reaktion?
bde89be8b0e4	1310.856	1315.656	Gibt es Medikamente, die mir kurzfristig beim Schlucken helfen könnten?
be4f4f0add5b	1315.656	1320.624	Hat sich Ihr Appetit verändert oder haben Sie ungewollt ab- oder zugenommen?
bf00d84e4b81	1320.624	1327.032	Zusätzlich haben Sie wechselnden Stuhlgang mit Schleim und Blut, Appetitlosigkeit und Müdigkeit.
c02356a464cc	1327.032	1329.864	Was könnte ich gegen die Schmerzen tun?
c0cfdb1c1101	1329.864	1334.976	Hat ein sehr starker Kopfschmerz plötzlich innerhalb von Sekunden eingesetzt?
c0fd73c09885	1334.976	1337.76	Die Beschwerden bestehen seit fünf Tagen.
c1222eafd21a	1337.76	1340.592	Muss ich mir Sorgen machen wegen der Blutungen?
c180cfbbf1c2	1340.592	1344.984	Muss ich ins Krankenhaus oder reicht eine Behandlung beim Hausarzt?
c2c78750e0d1	1344.984	1346.736	ein EKG schreiben
c465d7444c20	1346.736	1353.744	Bevor wir zu Ihren aktuellen Beschwerden kommen, möchte ich zunächst einige Angaben zu Ihrer Person erfragen.
c488df7f959e	1353.744	1356.648	Haben die Beschwerden im Verlauf zugenommen?
c4a2fd27e150	1356.648	1363.128	Wegen Ihrer Beschwerden bei Belastung müssen wir aber zunächst eine Herzerkrankung als Ursache ausschließen.
c5730f400966	1363.128	1368.24	Damit können wir prüfen, ob ein Knochenbruch oder eine Ausrenkung vorliegt.
c5db33626118	1368.24	1371.288	Das hängt vom Verlauf und vom Befund ab.
c63af80ef2e4	1371.288	1374.936	Ist der Husten trocken oder kommt Schleim mit hoch?
c7aa2bd6f323	1374.936	1378.512	Bei Ihren Beschwerden ist eine Röntgenuntersuchung sinnvoll.
c802b3ef32b7	1378.512	1381.032	Können Sie sicher stehen und gehen?
c8f15b2e0080	1381.032	1385.232	Das Kribbeln kann darauf hinweisen, dass ein Nerv gereizt wird.
c9cf14da651f	1385.232	1387.56	Können Sie ausreichend trinken?
ca51f686d03d	1387.56	1389.624	War Blut im Schleim dabei?
cbfc56c9f715	1389.624	1394.52	Gibt es bestimmte Auslöser, zum Beispiel Kälte, Stress oder Essen?
cd154c13f0c9	1394.52	1400.64	Begleitend bestehen Fieber, Kopf- und Gliederschmerzen, Nachtschweiß und verminderter Appetit.
cf3717cd17ef	1400.64	1405.248	Sicher sagen können wir das aber erst nach einer genaueren Abklärung.
d0064d79d26e	1405.248	1411.224	Begleitend bestehen Benommenheit, Konzentrationsprobleme und leichte dumpfe Kopfschmerzen.
d020b105e6e5	1411.224	1415.352	Wie lange dauert es ungefähr, bis ich wieder Handball spielen kann?
d099dfd1db0d	1415.352	1420.992	Sicher sagen können wir das aber erst nach der Untersuchung und weiteren Abklärungen
d21a492df840	1420.992	1423.944	Machen Ihnen Dinge weniger Freude als früher?
d2fa36256f31	1423.944	1426.752	eine neurologische Untersuchung durchführen
d34b8395da93	1426.752	1430.496	Rauchen erhöht das Risiko für verschiedene Erkrankungen.
d3cd1680996f	1430.496	1433.472	Waren Sie in der letzten Zeit im Ausland?
d3dcec88b91a	1433.472	1436.352	Denken Sie, dass ich Krebs haben könnte?
d484686f4ad9	1436.352	1443.264	Abgesehen von den bereits genannten Beschwerden: Haben Sie Fieber, Schüttelfrost oder Nachtschweiß bemerkt?
d48a5312d93a	1443.264	1448.736	Vor den Kopfschmerzen treten für 15 bis 30 Minuten Sehstörungen auf.
d4dd64e13c87	1448.736	1452.816	Wie unterscheidet man harmlosen Schwindel von gefährlichen Ursachen?
d58c603c6bc1	1452.816	1457.616	Gibt es Möglichkeiten, Darmkrebs frühzeitig sicher auszuschließen?
d5c3598e1fb9	1457.616	1460.424	Waren Sie deswegen bereits beim Arzt?
d8b98cf2b0a4	1460.424	1462.632	Haben Sie Brennen beim Wasserlassen?
d950c93237e9	1462.632	1466.16	Haben Sie Probleme, Wasser oder Stuhl zu halten?
d9855deca2a2	1466.16	1470.336	Sollte ich einen Test machen lassen? Wie sicher ist das Ergebnis?
d9a77b03c0b8	1470.336	1472.808	Wann darf ich wieder Sport treiben?
dcbf6285b1aa	1472.808	1477.944	Begleitend bestehen Übelkeit, Appetitlosigkeit und ein veränderter Stuhlgang.
ddffbad4293b	1477.944	1481.088	Müssen Sie häufiger oder dringender Wasser lassen?
df7d2270b666	1481.088	1483.44	Ist der schwarze Stuhl gefährlich?
e53e71f068a5	1483.44	1485.936	Könnte ich bleibende Schäden behalten?
e6c9c28fa268	1485.936	1492.608	Sicher sagen können wir das aber erst nach weiteren Untersuchungen, insbesondere einer Magenspiegelung.
e72af8680731	1492.608	1496.424	Muss ich jetzt operiert werden oder reicht da eine Tablette?
e7398e514f5f	1496.424	1498.944	Haben Sie Fieber oder Schüttelfrost?
e75958d6302e	1498.944	1503.384	Bleibt die Nahrung eher im Hals oder hinter dem Brustbein stecken?
e76d1997f217	1503.384	1507.752	Ist es riskant, wenn ich jetzt wieder arbeite oder Auto fahre?
e7ac72aa10fb	1507.752	1509.696	Wie viel und seit wann?
e8d0de28cc49	1509.696	1515.144	Nach der Untersuchung kann ich Ihnen genauer sagen, was Sie essen und trinken sollten.
ed4021288993	1515.144	1518.864	Könnte mein Schwindel ein Hinweis auf einen Hirntumor sein?
ed494e3dcf56	1518.864	1523.088	Gibt es Übungen oder Maßnahmen, die den Schwindel bessern können?
f0228860adb3	1523.088	1526.928	Falls sich etwas wiederholt, wundern Sie sich bitte nicht.
f0732b310a28	1526.928	1533.24	Sicher sagen können wir das aber erst nach der weiteren Abklärung und gegebenenfalls einem Test.
f1680309922f	1533.24	1537.08	Gibt es Auffälligkeiten beim Stuhlgang oder Wasserlassen?
f265c3b3667d	1537.08	1542.144	Deshalb ist zusätzlich eine körperliche und neurologische Untersuchung wichtig.
f45daab9943c	1542.144	1545.648	Kann man die Ursache auch durch ein Blutbild feststellen?
f53941bd2ad8	1545.648	1549.2	Das lässt sich im Moment noch nicht sicher vorhersagen.
f5c0fbd5798a	1549.2	1552.776	Haben Sie Ohrgeräusche oder eine Hörminderung bemerkt?
f67a24f70c49	1552.776	1557.576	Ja, Ihre Beschwerden könnten von den Nieren oder den Harnwegen kommen.
f680313602a4	1557.576	1563.0	Haben Sie Sodbrennen, saures Aufstoßen oder das Hochkommen von Nahrung bemerkt?
f7b1a03c12dd	1563.0	1564.992	Kann das ein Burn-out sein?
f7feee06fde9	1564.992	1568.736	Das hängt von der genauen Diagnose und vom Befund ab.
f8024d0d9bda	1568.736	1573.056	Ja, Ihre Beschwerden könnten zu einem Bandscheibenvorfall passen.
f8b41862eab6	1573.056	1577.304	Danach entscheiden wir, ob weitere Untersuchungen notwendig sind.
f9a9832a3d33	1577.304	1581.864	Haben Sie dabei Atemnot, Übelkeit oder kalten Schweiß bemerkt?
fa1129111be1	1581.864	1586.04	Sie berichten über einseitige, pochende Kopfschmerzattacken.
fa737fa8b2c0	1586.04	1590.24	Sie berichten über schwarzen, teerartigen Stuhl seit gestern.
fa97ddf94878	1590.24	1592.832	Könnte das ein Bandscheibenvorfall sein?
fb951c962bf5	1592.832	1596.936	Ja, bei Ihren Beschwerden ist eine Bildgebung der Lunge sinnvoll.
fb963dd9ae8f	1596.936	1601.88	Abschließend würde ich gerne kurz auf Ihre soziale Situation eingehen.
fb990d01fde4	1601.88	1605.792	Könnte etwas Ernsthaftes hinter meinen Beschwerden stecken?
fbf7f3e95ea5	1605.792	1609.56	Sind Sie verheiratet oder leben Sie in einer Partnerschaft?
fc06f09da8db	1609.56	1613.16	Kann meine Hausstauballergie der Grund für den Husten sein?
fcade5677e5f	1613.16	1616.904	Wie lange, hängt vom Befund und Ihrer Tätigkeit ab.
fce57c3eb679	1616.904	1620.576	Denken Sie, dass ich eine ernste Krankheit haben könnte?
fd69b62c9523	1620.576	1626.312	Schwarzer, teerartiger Stuhl kann auf eine Blutung im oberen Verdauungstrakt hinweisen.
fd9606bf3019	1626.312	1631.136	Husten, Schnupfen, Atemnot, Erbrechen oder Durchfall bestehen nicht.
fec67cce18c0	1631.136	1634.352	Ihre Beschwerden können verschiedene Ursachen haben.
